model,question,location,document_id,answer_orig,answer_llm
gpt-3.5-turbo,What are the must-see religious temples to visit in Andhra Pradesh?,Karnataka,16a1fd0a,"Northern Coast (Alluri Sitharama Raju, Anakapalli, East Godavari, Kakinada, Konaseema, Parvathipuram Manyam, Srikakulam, Visakhapatnam, Vizianagaram, Yanam) Central Coast (Eluru, Krishna, NTR, West Godavari) Southern Coast (Bapatla, Guntur, Nellore, Palnadu, Prakasam, Tirupati) Rayalaseema (Annamayya, Anantapur, Chittoor, Kadapa, Kurnool, Nandyal, Sri Sathya Sai)  
![0_image_1.png](0_image_1.png) interactive map","Some of the must-see religious temples to visit in Andhra Pradesh are:

1. Tirumala Temple on Tirumala Hills in Tirupati, known as the spiritual capital of Andhra Pradesh.
2. Temples in Amaravati, the capital of Andhra Pradesh, which covers areas with Buddhist sites.
3. Temples in Guntur, the third-largest city in Andhra Pradesh, known for its ancient archaeological sites and temples.
4. Temples in Nellore, which offers a combination of religion, nature, and history."
gpt-4o,What are the must-see religious temples to visit in Andhra Pradesh?,Karnataka,16a1fd0a,"Northern Coast (Alluri Sitharama Raju, Anakapalli, East Godavari, Kakinada, Konaseema, Parvathipuram Manyam, Srikakulam, Visakhapatnam, Vizianagaram, Yanam) Central Coast (Eluru, Krishna, NTR, West Godavari) Southern Coast (Bapatla, Guntur, Nellore, Palnadu, Prakasam, Tirupati) Rayalaseema (Annamayya, Anantapur, Chittoor, Kadapa, Kurnool, Nandyal, Sri Sathya Sai)  
![0_image_1.png](0_image_1.png) interactive map","In Andhra Pradesh, the must-see religious temples are:

1. **Tirumala Venkateswara Temple in Tirupati**: Known as the spiritual capital of Andhra Pradesh, Tirupati is famous for the sacred Venkateswara Temple located on the Tirumala Hills. This temple is a significant pilgrimage site and a major cultural landmark in the region.

These temples offer an insight into the rich religious and cultural heritage of Andhra Pradesh and are essential visits for anyone interested in exploring the spiritual side of the state."
gpt-4o-mini,What are the must-see religious temples to visit in Andhra Pradesh?,Karnataka,16a1fd0a,"Northern Coast (Alluri Sitharama Raju, Anakapalli, East Godavari, Kakinada, Konaseema, Parvathipuram Manyam, Srikakulam, Visakhapatnam, Vizianagaram, Yanam) Central Coast (Eluru, Krishna, NTR, West Godavari) Southern Coast (Bapatla, Guntur, Nellore, Palnadu, Prakasam, Tirupati) Rayalaseema (Annamayya, Anantapur, Chittoor, Kadapa, Kurnool, Nandyal, Sri Sathya Sai)  
![0_image_1.png](0_image_1.png) interactive map","In Andhra Pradesh, some must-see religious temples include:

1. **Tirupati Temple** - Located on the Tirumala Hills, this temple is known as the spiritual capital of Andhra Pradesh and is one of the most revered pilgrimage sites in India.

2. **Amaravati** - The capital of Andhra Pradesh, characterized by ancient Buddhist sites that highlight the region's historical and spiritual significance.

3. **Guntur** - This city is home to many ancient archaeological sites and temples, making it a notable destination for those interested in historical and cultural exploration.

4. **Kurnool** - Here, you can visit the Konda Reddy Fort, which has historical religious significance.

These temples showcase the rich Dravidian culture of the region, distinct from Northern India's Sanskrit Hindu traditions. The best times to visit these sites are generally during the cooler months, from October to March, when the weather is pleasant for travel. Make sure to explore local cuisine and specialties in the area, enhancing your cultural experience while visiting these sacred sites."
